{
    "第一回": {
        "佛家": 0.0,
        "天庭": 0.9999900000999989,
        "其他妖怪": 0.0
    },
    "第二回": {
        "佛家": 0.0,
        "天庭": 0.0,
        "其他妖怪": 0.9999900000999989
    },
    "第三回": {
        "佛家": 0.0,
        "天庭": 0.7407404663924199,
        "其他妖怪": 0.25925916323734693
    },
    "第四回": {
        "佛家": 0.0,
        "天庭": 0.6363630578517656,
        "其他妖怪": 0.3636360330581518
    },
    "第五回": {
        "佛家": 0.07692304733728948,
        "天庭": 0.7692304733728949,
        "其他妖怪": 0.15384609467457896
    },
    "第六回": {
        "佛家": 0.4736839612189678,
        "天庭": 0.5263155124655198,
        "其他妖怪": 0.0
    },
    "第七回": {
        "佛家": 0.810810591672813,
        "天庭": 0.1891891380569897,
        "其他妖怪": 0.0
    },
    "第八回": {
        "佛家": 0.9032255150885435,
        "天庭": 0.09677416233091538,
        "其他妖怪": 0.0
    },
    "第九回": {
        "佛家": 0.0,
        "天庭": 0.3333322222259259,
        "其他妖怪": 0.6666644444518518
    },
    "第十回": {
        "佛家": 0.9999900000999989,
        "天庭": 0.0,
        "其他妖怪": 0.0
    },
    "第十一回": {
        "佛家": 0.9999900000999989,
        "天庭": 0.0,
        "其他妖怪": 0.0
    },
    "第十二回": {
        "佛家": 0.9999988888901234,
        "天庭": 0.0,
        "其他妖怪": 0.0
    },
    "第十三回": {
        "佛家": 0.08333326388894677,
        "天庭": 0.9166659027784144,
        "其他妖怪": 0.0
    },
    "第十四回": {
        "佛家": 0.7999984000032001,
        "天庭": 0.19999960000080003,
        "其他妖怪": 0.0
    },
    "第十五回": {
        "佛家": 0.2857140816327988,
        "天庭": 0.7142852040819971,
        "其他妖怪": 0.0
    },
    "第十六回": {
        "佛家": 0.6999993000007,
        "天庭": 0.2999997000003,
        "其他妖怪": 0.0
    },
    "第十七回": {
        "佛家": 0.3599998560000576,
        "天庭": 0.1199999520000192,
        "其他妖怪": 0.5199997920000832
    },
    "第十八回": {
        "佛家": 0.3333322222259259,
        "天庭": 0.6666644444518518,
        "其他妖怪": 0.0
    },
    "第十九回": {
        "佛家": 0.14285693877580175,
        "天庭": 0.8571416326548106,
        "其他妖怪": 0.0
    },
    "第二十回": {
        "佛家": 0.0,
        "天庭": 0.8333319444467593,
        "其他妖怪": 0.16666638888935187
    },
    "第二十一回": {
        "佛家": 0.6363633471075695,
        "天庭": 0.31818167355378474,
        "其他妖怪": 0.04545452479339782
    },
    "第二十二回": {
        "佛家": 0.37499953125058594,
        "天庭": 0.4999993750007813,
        "其他妖怪": 0.12499984375019532
    },
    "第二十三回": {
        "佛家": 0.3333322222259259,
        "天庭": 0.6666644444518518,
        "其他妖怪": 0.0
    },
    "第二十四回": {
        "佛家": 0.19999960000080003,
        "天庭": 0.7999984000032001,
        "其他妖怪": 0.0
    },
    "第二十五回": {
        "佛家": 0.6666644444518518,
        "天庭": 0.3333322222259259,
        "其他妖怪": 0.0
    },
    "第二十六回": {
        "佛家": 0.49999750001249993,
        "天庭": 0.49999750001249993,
        "其他妖怪": 0.0
    },
    "第二十七回": {
        "佛家": 0.9999950000249999,
        "天庭": 0.0,
        "其他妖怪": 0.0
    },
    "第二十八回": {
        "佛家": 0.0,
        "天庭": 0.9999900000999989,
        "其他妖怪": 0.0
    },
    "第二十九回": {
        "佛家": 0.0,
        "天庭": 0.49999875000312505,
        "其他妖怪": 0.49999875000312505
    },
    "第三十回": {
        "佛家": 0.0,
        "天庭": 0.9999900000999989,
        "其他妖怪": 0.0
    },
    "第三十一回": {
        "佛家": 0.0,
        "天庭": 0.39999920000160005,
        "其他妖怪": 0.5999988000024
    },
    "第三十二回": {
        "佛家": 0.0,
        "天庭": 0.7499990625011719,
        "其他妖怪": 0.24999968750039064
    },
    "第三十三回": {
        "佛家": 0.04761902494332146,
        "天庭": 0.38095219954657167,
        "其他妖怪": 0.5714282993198575
    },
    "第三十四回": {
        "佛家": 0.03225805411030513,
        "天庭": 0.0,
        "其他妖怪": 0.9677416233091538
    },
    "第三十五回": {
        "佛家": 0.0,
        "天庭": 0.19999960000080003,
        "其他妖怪": 0.7999984000032001
    },
    "第三十六回": {
        "佛家": 0.6666644444518518,
        "天庭": 0.3333322222259259,
        "其他妖怪": 0.0
    },
    "第三十七回": {
        "佛家": 0.0,
        "天庭": 0.9999950000249999,
        "其他妖怪": 0.0
    },
    "第三十八回": {
        "佛家": 0.9999900000999989,
        "天庭": 0.0,
        "其他妖怪": 0.0
    },
    "第三十九回": {
        "佛家": 0.571427755103207,
        "天庭": 0.4285708163274053,
        "其他妖怪": 0.0
    },
    "第四十回": {
        "佛家": 0.0,
        "天庭": 0.0,
        "其他妖怪": 0.9999990000010001
    },
    "第四十一回": {
        "佛家": 0.19047609977328583,
        "天庭": 0.3333331746032502,
        "其他妖怪": 0.4761902494332146
    },
    "第四十二回": {
        "佛家": 0.41176446366796254,
        "天庭": 0.058823494809708936,
        "其他妖怪": 0.5294114532873805
    },
    "第四十三回": {
        "佛家": 0.4166663194447338,
        "天庭": 0.5833328472226273,
        "其他妖怪": 0.0
    },
    "第四十四回": {
        "佛家": 0.0999999000001,
        "天庭": 0.3999996000004,
        "其他妖怪": 0.49999950000050003
    },
    "第四十五回": {
        "佛家": 0.0,
        "天庭": 0.5517239476813973,
        "其他妖怪": 0.4482757074911354
    },
    "第四十六回": {
        "佛家": 0.0,
        "天庭": 0.08333326388894677,
        "其他妖怪": 0.9166659027784144
    },
    "第四十七回": {
        "佛家": 0.49999875000312505,
        "天庭": 0.24999937500156252,
        "其他妖怪": 0.24999937500156252
    },
    "第四十八回": {
        "佛家": 0.39999920000160005,
        "天庭": 0.0,
        "其他妖怪": 0.5999988000024
    },
    "第四十九回": {
        "佛家": 0.2799998880000448,
        "天庭": 0.0399999840000064,
        "其他妖怪": 0.6799997280001088
    },
    "第五十回": {
        "佛家": 0.0,
        "天庭": 0.0,
        "其他妖怪": 0.9999950000249999
    },
    "第五十一回": {
        "佛家": 0.1428570408163994,
        "天庭": 0.8571422448983965,
        "其他妖怪": 0.0
    },
    "第五十二回": {
        "佛家": 0.7599998480000304,
        "天庭": 0.2399999520000096,
        "其他妖怪": 0.0
    },
    "第五十三回": {
        "佛家": 0.6470584429067983,
        "天庭": 0.11764698961941787,
        "其他妖怪": 0.23529397923883574
    },
    "第五十四回": {
        "佛家": 0.3333322222259259,
        "天庭": 0.6666644444518518,
        "其他妖怪": 0.0
    },
    "第五十五回": {
        "佛家": 0.5384611242606736,
        "天庭": 0.0,
        "其他妖怪": 0.46153810650914884
    },
    "第五十六回": {
        "佛家": 0.0,
        "天庭": 0.6249992187509766,
        "其他妖怪": 0.37499953125058594
    },
    "第五十七回": {
        "佛家": 0.9999985714306123,
        "天庭": 0.0,
        "其他妖怪": 0.0
    },
    "第五十八回": {
        "佛家": 0.8181816322314471,
        "天庭": 0.022727267561984642,
        "其他妖怪": 0.1590908729338925
    },
    "第五十九回": {
        "佛家": 0.23076914201186846,
        "天庭": 0.0,
        "其他妖怪": 0.7692304733728949
    },
    "第六十回": {
        "佛家": 0.04166664930556279,
        "天庭": 0.12499994791668836,
        "其他妖怪": 0.8333329861112558
    },
    "第六十一回": {
        "佛家": 0.1333332444445037,
        "天庭": 0.2666664888890074,
        "其他妖怪": 0.5999996000002666
    },
    "第六十二回": {
        "佛家": 0.0714285204081997,
        "天庭": 0.21428556122459913,
        "其他妖怪": 0.7142852040819971
    },
    "第六十三回": {
        "佛家": 0.09090904958679565,
        "天庭": 0.13636357438019348,
        "其他妖怪": 0.772726921487763
    },
    "第六十四回": {
        "佛家": 0.0,
        "天庭": 0.9999997727273243,
        "其他妖怪": 0.0
    },
    "第六十五回": {
        "佛家": 0.46666635555576297,
        "天庭": 0.5333329777780148,
        "其他妖怪": 0.0
    },
    "第六十六回": {
        "佛家": 0.0999999000001,
        "天庭": 0.8999991000009,
        "其他妖怪": 0.0
    },
    "第六十七回": {
        "佛家": 0.0,
        "天庭": 0.0,
        "其他妖怪": 0.0
    },
    "第六十八回": {
        "佛家": 0.0,
        "天庭": 0.0,
        "其他妖怪": 0.0
    },
    "第六十九回": {
        "佛家": 0.12499984375019532,
        "天庭": 0.6249992187509766,
        "其他妖怪": 0.24999968750039064
    },
    "第七十回": {
        "佛家": 0.0,
        "天庭": 0.7999996000002,
        "其他妖怪": 0.19999990000005
    },
    "第七十一回": {
        "佛家": 0.23529397923883574,
        "天庭": 0.4705879584776715,
        "其他妖怪": 0.29411747404854466
    },
    "第七十二回": {
        "佛家": 0.0,
        "天庭": 0.9999900000999989,
        "其他妖怪": 0.0
    },
    "第七十三回": {
        "佛家": 0.0,
        "天庭": 0.12499984375019532,
        "其他妖怪": 0.8749989062513672
    },